n,instance,pool_set,pool_size,strategy,run,final_cost,final_rpd_pct,pull_accept_count,pull_offer_count,ar_pct,pull_round_improved_count,er_pct,pool_diversity
200,200.10.2,po1,2,quality-only,1,1456.3636435274925,-0.38325764054701356,35,60,58.333333333333336,17,48.57142857142857,0.0
200,200.10.2,po1,2,quality-only,2,1460.3782954794763,-0.10865139715372966,16,60,26.666666666666668,15,93.75,0.0
200,200.10.2,po1,2,quality-only,3,1441.6999526124157,-1.3862688914923775,33,54,61.111111111111114,31,93.93939393939394,0.03788776641483113
200,200.10.2,po1,2,quality-only,4,1457.5062307083242,-0.30510352476557534,30,59,50.847457627118644,28,93.33333333333333,0.04984416728627279
200,200.10.2,po1,2,quality-only,5,1463.4743646047177,0.10312285424766005,28,57,49.122807017543856,20,71.42857142857143,0.0
200,200.10.2,po1,2,quality-only,6,1466.9900488143533,0.34359920071850575,31,56,55.35714285714286,21,67.74193548387096,0.0
200,200.10.2,po1,2,quality-only,7,1441.6999526124157,-1.3862688914923775,35,60,58.333333333333336,30,85.71428571428571,0.16215847298530098
200,200.10.2,po1,2,quality-only,8,1441.6999526124157,-1.3862688914923775,34,57,59.64912280701754,32,94.11764705882352,0.0
200,200.10.2,po1,2,quality-only,9,1456.3855374489358,-0.3817600742342686,32,58,55.172413793103445,28,87.5,0.0
200,200.10.2,po1,2,quality-only,10,1467.1769701187452,0.3563848065003173,26,59,44.06779661016949,23,88.46153846153845,0.19328023086387694
200,200.10.2,po1,2,td-crowding,1,1455.8169841479562,-0.42064969356321497,29,58,50.0,19,65.51724137931035,0.5156456189732941
200,200.10.2,po1,2,td-crowding,2,1441.6999526124157,-1.3862688914923775,25,59,42.3728813559322,25,100.0,0.5368165211664913
200,200.10.2,po1,2,td-crowding,3,1443.3924627673705,-1.2704994895327726,22,55,40.0,22,100.0,0.620477854144875
200,200.10.2,po1,2,td-crowding,4,1444.690783988786,-1.1816930082749046,32,53,60.37735849056604,32,100.0,0.5949642290857864
200,200.10.2,po1,2,td-crowding,5,1467.1761958308175,0.356331844424981,22,57,38.59649122807017,16,72.72727272727273,0.6155683382986108
200,200.10.2,po1,2,td-crowding,6,1463.294156481485,0.090796436829228,23,58,39.6551724137931,20,86.95652173913044,0.6168686527942425
200,200.10.2,po1,2,td-crowding,7,1441.2127196631498,-1.4195961167302313,30,60,50.0,29,96.66666666666667,0.4271037820506751
200,200.10.2,po1,2,td-crowding,8,1441.6999526124157,-1.3862688914923775,32,54,59.25925925925925,30,93.75,0.39338238503620815
200,200.10.2,po1,2,td-crowding,9,1454.4443853954094,-0.5145368328797193,24,57,42.10526315789473,22,91.66666666666666,0.6152812688675962
200,200.10.2,po1,2,td-crowding,10,1477.1077514277108,1.035660265950238,27,60,45.0,20,74.07407407407408,0.5254415415000019
200,200.10.2,po1,2,edge-crowding,1,1455.8169841479562,-0.42064969356321497,29,58,50.0,19,65.51724137931035,0.5156456189732941
200,200.10.2,po1,2,edge-crowding,2,1460.3782954794763,-0.10865139715372966,26,60,43.333333333333336,18,69.23076923076923,0.3931818479393836
200,200.10.2,po1,2,edge-crowding,3,1444.746142197949,-1.177906450924223,20,57,35.08771929824561,20,100.0,0.6206287056329178
200,200.10.2,po1,2,edge-crowding,4,1457.2381419631224,-0.3234410653784065,23,54,42.592592592592595,22,95.65217391304348,0.5996911243596977
200,200.10.2,po1,2,edge-crowding,5,1463.3610112089539,0.09536936762942343,32,56,57.14285714285714,26,81.25,0.6105190763864877
200,200.10.2,po1,2,edge-crowding,6,1446.6526795282114,-1.047497374268471,33,56,58.92857142857143,27,81.81818181818183,0.554955921866011
200,200.10.2,po1,2,edge-crowding,7,1441.6999526124157,-1.3862688914923775,21,53,39.62264150943396,21,100.0,0.5173867380291961
200,200.10.2,po1,2,edge-crowding,8,1450.028205741558,-0.816607976131571,19,59,32.20338983050847,18,94.73684210526315,0.48245973947107634
200,200.10.2,po1,2,edge-crowding,9,1452.0527980811755,-0.6781238177450672,34,57,59.64912280701754,25,73.52941176470588,0.506361485242941
200,200.10.2,po1,2,edge-crowding,10,1470.344987530216,0.573080393259376,28,60,46.666666666666664,20,71.42857142857143,0.4572602777542586
200,200.10.2,po1,2,random-target,1,1441.6999526124157,-1.3862688914923775,31,59,52.54237288135594,23,74.19354838709677,0.0
200,200.10.2,po1,2,random-target,2,1459.255642869139,-0.18544196820387304,33,59,55.932203389830505,28,84.84848484848484,0.4144307189899865
200,200.10.2,po1,2,random-target,3,1443.045314983308,-1.294244748156407,29,56,51.78571428571429,22,75.86206896551724,0.3085677247468243
200,200.10.2,po1,2,random-target,4,1451.604627241239,-0.7087791552999317,36,59,61.016949152542374,31,86.11111111111111,0.0
200,200.10.2,po1,2,random-target,5,1469.6213114882732,0.5235802219647183,18,56,32.142857142857146,18,100.0,0.0
200,200.10.2,po1,2,random-target,6,1468.910226115871,0.4749412651677733,32,58,55.172413793103445,24,75.0,0.050427657032078355
200,200.10.2,po1,2,random-target,7,1457.5062307083242,-0.30510352476557534,34,61,55.73770491803278,25,73.52941176470588,0.028472093512771707
200,200.10.2,po1,2,random-target,8,1457.5062307083242,-0.30510352476557534,14,59,23.728813559322035,14,100.0,0.0
200,200.10.2,po1,2,random-target,9,1456.390952772954,-0.3813896606085802,34,58,58.620689655172406,30,88.23529411764706,0.20166738723763533
200,200.10.2,po1,2,random-target,10,1467.6317741729029,0.38749386259932844,41,57,71.9298245614035,39,95.1219512195122,0.1326793148459743
200,200.10.2,po2,3,quality-only,1,1443.0230591559239,-1.2957670692005798,36,60,60.0,24,66.66666666666666,0.008051936458822158
200,200.10.2,po2,3,quality-only,2,1456.3855374489358,-0.3817600742342686,43,60,71.66666666666667,34,79.06976744186046,0.07123841499496161
200,200.10.2,po2,3,quality-only,3,1441.6999526124157,-1.3862688914923775,35,52,67.3076923076923,29,82.85714285714286,0.0
200,200.10.2,po2,3,quality-only,4,1458.8293372518317,-0.21460170247382426,40,56,71.42857142857143,33,82.5,0.03521944957158998
200,200.10.2,po2,3,quality-only,5,1466.7881109176346,0.3297864448731977,34,55,61.81818181818181,31,91.17647058823529,0.1439438229104449
200,200.10.2,po2,3,quality-only,6,1467.618067834579,0.3865563352313791,33,58,56.896551724137936,20,60.60606060606061,0.02598615060257424
200,200.10.2,po2,3,quality-only,7,1441.6999526124162,-1.3862688914923462,33,56,58.92857142857143,23,69.6969696969697,0.05385424969630657
200,200.10.2,po2,3,quality-only,8,1454.7895497464958,-0.4909272430724933,27,58,46.55172413793103,14,51.85185185185185,0.07145374174116449
200,200.10.2,po2,3,quality-only,9,1457.5647999411285,-0.30109733015862594,38,57,66.66666666666666,26,68.42105263157895,0.0
200,200.10.2,po2,3,quality-only,10,1478.3052786522508,1.1175723361434236,35,60,58.333333333333336,23,65.71428571428571,0.137174194014644
200,200.10.2,po2,3,td-crowding,1,1455.8169841479562,-0.42064969356321497,25,58,43.103448275862064,21,84.0,0.5100794725251868
200,200.10.2,po2,3,td-crowding,2,1452.9013294276417,-0.6200834176701897,27,57,47.368421052631575,21,77.77777777777779,0.5044736253060362
200,200.10.2,po2,3,td-crowding,3,1441.6999526124162,-1.3862688914923462,19,54,35.18518518518518,18,94.73684210526315,0.5396586706741431
200,200.10.2,po2,3,td-crowding,4,1463.3610112089539,0.09536936762942343,17,54,31.48148148148148,16,94.11764705882352,0.6013209561631705
200,200.10.2,po2,3,td-crowding,5,1463.8990604779565,0.13217248039946114,21,57,36.84210526315789,15,71.42857142857143,0.6085920809550354
200,200.10.2,po2,3,td-crowding,6,1465.7466578669541,0.2585500056156096,24,57,42.10526315789473,17,70.83333333333334,0.5902794394526735
200,200.10.2,po2,3,td-crowding,7,1444.2804667953624,-1.209759118222512,25,59,42.3728813559322,23,92.0,0.474838824993091
200,200.10.2,po2,3,td-crowding,8,1456.6133586989624,-0.36617687091223133,25,59,42.3728813559322,22,88.0,0.5244398604056304
200,200.10.2,po2,3,td-crowding,9,1452.1661514769394,-0.6703703311268305,30,56,53.57142857142857,26,86.66666666666667,0.5917256802558154
200,200.10.2,po2,3,td-crowding,10,1477.4325709742736,1.0578782506047362,21,61,34.42622950819672,21,100.0,0.592692641929396
200,200.10.2,po2,3,edge-crowding,1,1444.9977372061658,-1.160697098559624,23,60,38.333333333333336,20,86.95652173913044,0.49008302650218044
200,200.10.2,po2,3,edge-crowding,2,1450.3625347249397,-0.7937395364057838,29,57,50.877192982456144,23,79.3103448275862,0.5072828157303403
200,200.10.2,po2,3,edge-crowding,3,1441.6999526124157,-1.3862688914923775,20,54,37.03703703703704,19,95.0,0.5596922718960083
200,200.10.2,po2,3,edge-crowding,4,1463.3610112089539,0.09536936762942343,17,54,31.48148148148148,16,94.11764705882352,0.6013209561631706
200,200.10.2,po2,3,edge-crowding,5,1463.3610112089539,0.09536936762942343,21,57,36.84210526315789,13,61.904761904761905,0.5925150836068893
200,200.10.2,po2,3,edge-crowding,6,1465.7466578669541,0.2585500056156096,24,57,42.10526315789473,17,70.83333333333334,0.5902794394526735
200,200.10.2,po2,3,edge-crowding,7,1443.6984563751698,-1.2495692180808193,26,57,45.614035087719294,25,96.15384615384616,0.4722098776458335
200,200.10.2,po2,3,edge-crowding,8,1455.8169841479562,-0.42064969356321497,29,57,50.877192982456144,20,68.96551724137932,0.569361314396143
200,200.10.2,po2,3,edge-crowding,9,1459.126030442043,-0.19430758896691666,24,59,40.67796610169492,16,66.66666666666666,0.4990726273751493
200,200.10.2,po2,3,edge-crowding,10,1474.138078860037,0.8325316665920713,28,60,46.666666666666664,18,64.28571428571429,0.5799058713238879
200,200.10.2,po2,3,random-target,1,1442.8718866613165,-1.3061074203306495,35,58,60.3448275862069,28,80.0,0.03801375846973362
200,200.10.2,po2,3,random-target,2,1453.9038902945936,-0.5515072430130754,35,58,60.3448275862069,28,80.0,0.01925739719110121
200,200.10.2,po2,3,random-target,3,1442.985654692163,-1.2983255722544806,33,55,60.0,26,78.78787878787878,0.0
200,200.10.2,po2,3,random-target,4,1460.0413857838187,-0.13169636020254177,43,57,75.43859649122807,34,79.06976744186046,0.1116111339074189
200,200.10.2,po2,3,random-target,5,1467.9345522351307,0.40820418749043197,34,56,60.71428571428571,23,67.64705882352942,0.24265117388963764
200,200.10.2,po2,3,random-target,6,1461.7519973763078,-0.01468880165532155,36,55,65.45454545454545,28,77.77777777777779,0.0037453183520599342
200,200.10.2,po2,3,random-target,7,1457.5062307083242,-0.30510352476557534,30,60,50.0,21,70.0,0.0
200,200.10.2,po2,3,random-target,8,1444.1649171843558,-1.217662828178838,33,58,56.896551724137936,25,75.75757575757575,0.00466727540909775
200,200.10.2,po2,3,random-target,9,1444.1463089492745,-1.2189356502299058,41,59,69.49152542372882,36,87.8048780487805,0.0
200,200.10.2,po2,3,random-target,10,1474.9934519172612,0.8910400465845347,39,58,67.24137931034483,29,74.35897435897436,0.1571734923944422
200,200.10.2,po3,4,quality-only,1,1462.3344635455499,0.025152471897718093,31,62,50.0,24,77.41935483870968,0.12266364119899702
200,200.10.2,po3,4,quality-only,2,1446.7740090817244,-1.0391983104140448,37,60,61.66666666666667,22,59.45945945945946,0.03910765009551664
200,200.10.2,po3,4,quality-only,3,1444.1649171843558,-1.217662828178838,23,54,42.592592592592595,18,78.26086956521739,0.0
200,200.10.2,po3,4,quality-only,4,1463.3610112089539,0.09536936762942343,40,57,70.17543859649122,24,60.0,0.16731186274964327
200,200.10.2,po3,4,quality-only,5,1461.7795177027033,-0.012806383568074835,38,56,67.85714285714286,34,89.47368421052632,0.029942991330060172
200,200.10.2,po3,4,quality-only,6,1464.7760303788373,0.19215810628437976,35,54,64.81481481481481,32,91.42857142857143,0.3046095934812163
200,200.10.2,po3,4,quality-only,7,1457.5062307083242,-0.30510352476557534,34,59,57.6271186440678,23,67.64705882352942,0.0
200,200.10.2,po3,4,quality-only,8,1444.6714425250761,-1.1830159839038334,44,57,77.19298245614034,37,84.0909090909091,0.0
200,200.10.2,po3,4,quality-only,9,1452.1661514769396,-0.670370331126815,36,57,63.1578947368421,25,69.44444444444444,0.0
200,200.10.2,po3,4,quality-only,10,1477.1077514277108,1.035660265950238,33,60,55.00000000000001,18,54.54545454545454,0.0315409315310679
200,200.10.2,po3,4,td-crowding,1,1467.1761958308175,0.356331844424981,21,58,36.206896551724135,19,90.47619047619048,0.5354668991107944
200,200.10.2,po3,4,td-crowding,2,1465.0783243990743,0.21283532221502136,19,60,31.666666666666664,13,68.42105263157895,0.5053458258115601
200,200.10.2,po3,4,td-crowding,3,1441.6999526124157,-1.3862688914923775,19,54,35.18518518518518,19,100.0,0.5529348127370685
200,200.10.2,po3,4,td-crowding,4,1441.6999526124157,-1.3862688914923775,25,55,45.45454545454545,23,92.0,0.567429441788064
200,200.10.2,po3,4,td-crowding,5,1463.3610112089539,0.09536936762942343,22,57,38.59649122807017,18,81.81818181818183,0.5918068309915233
200,200.10.2,po3,4,td-crowding,6,1465.1455284105027,0.2174321443904036,33,53,62.264150943396224,24,72.72727272727273,0.5880427233304651
200,200.10.2,po3,4,td-crowding,7,1443.2848845719598,-1.2778579466209816,32,57,56.14035087719298,26,81.25,0.5391153524622446
200,200.10.2,po3,4,td-crowding,8,1457.5062307083242,-0.30510352476557534,21,58,36.206896551724135,18,85.71428571428571,0.5266502789120531
200,200.10.2,po3,4,td-crowding,9,1456.3855374489358,-0.3817600742342686,37,57,64.91228070175438,25,67.56756756756756,0.5940774587109298
200,200.10.2,po3,4,td-crowding,10,1475.149280920144,0.9016989075780145,26,58,44.827586206896555,19,73.07692307692307,0.5897573693092207
200,200.10.2,po3,4,edge-crowding,1,1441.6999526124162,-1.3862688914923462,23,57,40.35087719298245,21,91.30434782608695,0.5172927916955898
200,200.10.2,po3,4,edge-crowding,2,1457.8587917179518,-0.2809879960525717,31,59,52.54237288135594,26,83.87096774193549,0.5016168118266148
200,200.10.2,po3,4,edge-crowding,3,1441.6999526124157,-1.3862688914923775,19,54,35.18518518518518,18,94.73684210526315,0.5638013188481937
200,200.10.2,po3,4,edge-crowding,4,1443.4769853178607,-1.264718061815069,21,54,38.88888888888889,18,85.71428571428571,0.5734780178483395
200,200.10.2,po3,4,edge-crowding,5,1462.8673717727847,0.0616039322246925,21,57,36.84210526315789,13,61.904761904761905,0.595670042745356
200,200.10.2,po3,4,edge-crowding,6,1444.1649171843562,-1.2176628281788069,37,53,69.81132075471697,28,75.67567567567568,0.558101655828028
200,200.10.2,po3,4,edge-crowding,7,1452.96003456815,-0.6160679268391928,27,58,46.55172413793103,21,77.77777777777779,0.5211083661141341
200,200.10.2,po3,4,edge-crowding,8,1447.4962935403507,-0.9897933248220284,24,58,41.37931034482759,19,79.16666666666666,0.5565895359497718
200,200.10.2,po3,4,edge-crowding,9,1459.126030442043,-0.19430758896691666,23,59,38.983050847457626,16,69.56521739130434,0.5381284345126282
200,200.10.2,po3,4,edge-crowding,10,1475.149280920144,0.9016989075780145,25,58,43.103448275862064,19,76.0,0.5791576471680346
200,200.10.2,po3,4,random-target,1,1470.344987530216,0.573080393259376,20,63,31.746031746031743,13,65.0,0.0
200,200.10.2,po3,4,random-target,2,1447.8738829564772,-0.963965827856487,33,59,55.932203389830505,24,72.72727272727273,0.15100234542306137
200,200.10.2,po3,4,random-target,3,1441.6999526124162,-1.3862688914923462,39,55,70.9090909090909,21,53.84615384615385,0.08789143837981699
200,200.10.2,po3,4,random-target,4,1452.1661514769396,-0.670370331126815,38,57,66.66666666666666,32,84.21052631578947,0.0
200,200.10.2,po3,4,random-target,5,1463.2363820844264,0.08684460978909003,27,55,49.09090909090909,19,70.37037037037037,0.0
200,200.10.2,po3,4,random-target,6,1467.229982921396,0.36001093567958026,29,54,53.70370370370371,21,72.41379310344827,0.11491606734960182
200,200.10.2,po3,4,random-target,7,1441.6999526124157,-1.3862688914923775,28,57,49.122807017543856,22,78.57142857142857,0.10049259673586558
200,200.10.2,po3,4,random-target,8,1455.8169841479562,-0.42064969356321497,26,57,45.614035087719294,19,73.07692307692307,0.008816446608682128
200,200.10.2,po3,4,random-target,9,1463.4743646047177,0.10312285424766005,31,58,53.44827586206896,18,58.06451612903226,0.01142890818375465
200,200.10.2,po3,4,random-target,10,1471.3589190045814,0.6424343289339486,25,59,42.3728813559322,19,76.0,0.1005478312309569
200,200.40.1,po1,2,quality-only,1,9420.753282369566,-0.44009891940273704,12,53,22.641509433962266,12,100.0,0.0
200,200.40.1,po1,2,quality-only,2,9364.784352544837,-1.0315867707367756,27,50,54.0,27,100.0,0.0
200,200.40.1,po1,2,quality-only,3,9447.803910291117,-0.15422391988674197,30,47,63.829787234042556,23,76.66666666666667,0.0
200,200.40.1,po1,2,quality-only,4,9389.55574911978,-0.769799022060142,26,43,60.46511627906976,25,96.15384615384616,0.0
200,200.40.1,po1,2,quality-only,5,9396.015750769508,-0.7015287780626646,34,48,70.83333333333334,27,79.41176470588235,0.0
200,200.40.1,po1,2,quality-only,6,9419.370544018897,-0.4547119009007828,31,47,65.95744680851064,26,83.87096774193549,0.0
200,200.40.1,po1,2,quality-only,7,9446.237310277316,-0.1707799783814229,18,47,38.297872340425535,17,94.44444444444444,0.0
200,200.40.1,po1,2,quality-only,8,9445.281959803977,-0.18087626216808955,23,47,48.93617021276596,16,69.56521739130434,0.0
200,200.40.1,po1,2,quality-only,9,9391.956377780947,-0.7444288266125688,23,48,47.91666666666667,16,69.56521739130434,0.0
200,200.40.1,po1,2,quality-only,10,9443.52741360457,-0.1994185634914021,26,51,50.98039215686274,25,96.15384615384616,0.0
200,200.40.1,po1,2,td-crowding,1,9434.157345605716,-0.2984428150690584,21,47,44.680851063829785,16,76.19047619047619,0.5166631785263438
200,200.40.1,po1,2,td-crowding,2,9356.139167384128,-1.1229503542661743,23,51,45.09803921568628,21,91.30434782608695,0.48737891793178006
200,200.40.1,po1,2,td-crowding,3,9444.00017702554,-0.19442233038609266,21,50,42.0,17,80.95238095238095,0.5121901493778873
200,200.40.1,po1,2,td-crowding,4,9422.943958796088,-0.41694752993451684,28,43,65.11627906976744,26,92.85714285714286,0.5281769456673854
200,200.40.1,po1,2,td-crowding,5,9338.796909307217,-1.306225878727969,34,47,72.3404255319149,30,88.23529411764706,0.5713625906077577
200,200.40.1,po1,2,td-crowding,6,9464.311255378048,0.02022812175984586,25,43,58.139534883720934,18,72.0,0.5402873773663611
200,200.40.1,po1,2,td-crowding,7,9397.430679156365,-0.6865756075454748,20,45,44.44444444444444,15,75.0,0.5620390787432559
200,200.40.1,po1,2,td-crowding,8,9423.377086103603,-0.41237017708395496,24,44,54.54545454545454,21,87.5,0.5451839373932108
200,200.40.1,po1,2,td-crowding,9,9407.572290950782,-0.5793975680844906,36,49,73.46938775510205,23,63.888888888888886,0.5127901485709199
200,200.40.1,po1,2,td-crowding,10,9463.41749217462,0.01078270126578097,29,48,60.416666666666664,25,86.20689655172413,0.5100100612413092
200,200.40.1,po1,2,edge-crowding,1,9387.550191066293,-0.7909940534373219,25,49,51.02040816326531,21,84.0,0.532528624436488
200,200.40.1,po1,2,edge-crowding,2,9356.139167384128,-1.1229503542661743,24,51,47.05882352941176,21,87.5,0.47300371564157273
200,200.40.1,po1,2,edge-crowding,3,9449.61440835806,-0.13509031102885904,18,51,35.294117647058826,17,94.44444444444444,0.47037395617757727
200,200.40.1,po1,2,edge-crowding,4,9426.125014520545,-0.38332966692864495,25,47,53.191489361702125,22,88.0,0.5627489543530962
200,200.40.1,po1,2,edge-crowding,5,9396.850195784118,-0.6927102408797305,33,47,70.2127659574468,26,78.78787878787878,0.5237920729265151
200,200.40.1,po1,2,edge-crowding,6,9423.2485095257,-0.41372899319914413,29,45,64.44444444444444,23,79.3103448275862,0.5275208422162159
200,200.40.1,po1,2,edge-crowding,7,9407.022383439142,-0.585209071243676,28,42,66.66666666666666,21,75.0,0.514303654049511
200,200.40.1,po1,2,edge-crowding,8,9421.694672857422,-0.4301501667881649,16,44,36.36363636363637,9,56.25,0.5518424261555431
200,200.40.1,po1,2,edge-crowding,9,9372.803250420733,-0.9468418830011298,19,47,40.42553191489361,18,94.73684210526315,0.5634941110558944
200,200.40.1,po1,2,edge-crowding,10,9462.317829658245,-0.0008386933372653148,21,50,42.0,15,71.42857142857143,0.4759596465495691
200,200.40.1,po1,2,random-target,1,9420.350808064477,-0.44435232683217213,21,54,38.88888888888889,17,80.95238095238095,0.0
200,200.40.1,po1,2,random-target,2,9369.09908261662,-0.9859880711147292,22,51,43.13725490196079,22,100.0,0.0
200,200.40.1,po1,2,random-target,3,9453.755265394182,-0.091329127124732,26,50,52.0,19,73.07692307692307,0.0
200,200.40.1,po1,2,random-target,4,9415.691260853007,-0.4935951045113681,19,48,39.58333333333333,16,84.21052631578947,0.0
200,200.40.1,po1,2,random-target,5,9369.42488808867,-0.9825449111468827,23,46,50.0,23,100.0,0.0
200,200.40.1,po1,2,random-target,6,9415.993606918026,-0.4903998669944629,30,48,62.5,24,80.0,0.2998747280628672
200,200.40.1,po1,2,random-target,7,9442.926175377572,-0.20577253717181282,17,47,36.17021276595745,12,70.58823529411765,0.0
200,200.40.1,po1,2,random-target,8,9414.91691939126,-0.5017784585408619,29,45,64.44444444444444,21,72.41379310344827,0.19423600008565756
200,200.40.1,po1,2,random-target,9,9336.584392887511,-1.329608076444298,31,44,70.45454545454545,28,90.32258064516128,0.0
200,200.40.1,po1,2,random-target,10,9451.556609263975,-0.11456484727073685,28,50,56.00000000000001,27,96.42857142857143,0.0
200,200.40.1,po2,3,quality-only,1,9420.753282369566,-0.44009891940273704,19,54,35.18518518518518,17,89.47368421052632,0.0
200,200.40.1,po2,3,quality-only,2,9394.831294952386,-0.7140462806924852,35,51,68.62745098039215,24,68.57142857142857,0.09648476046776595
200,200.40.1,po2,3,quality-only,3,9419.981275176218,-0.44825760454174834,36,50,72.0,31,86.11111111111111,0.0
200,200.40.1,po2,3,quality-only,4,9401.911116496905,-0.6392256892266476,37,46,80.43478260869566,34,91.8918918918919,0.0682730536882928
200,200.40.1,po2,3,quality-only,5,9380.179265164785,-0.8688910784024025,39,48,81.25,37,94.87179487179486,0.009916955886739118
200,200.40.1,po2,3,quality-only,6,9448.514905432477,-0.14671001905302627,37,49,75.51020408163265,24,64.86486486486487,0.3392201000305823
200,200.40.1,po2,3,quality-only,7,9414.764458479873,-0.5033896877920105,32,42,76.19047619047619,28,87.5,0.18168302509490655
200,200.40.1,po2,3,quality-only,8,9351.009399320988,-1.1771624948057606,25,45,55.55555555555556,22,88.0,0.011542110559789473
200,200.40.1,po2,3,quality-only,9,9349.760749453297,-1.190358409568154,37,44,84.0909090909091,37,100.0,0.206289621094663
200,200.40.1,po2,3,quality-only,10,9407.723643261412,-0.5777980546885925,41,53,77.35849056603774,37,90.2439024390244,0.021368038197941197
200,200.40.1,po2,3,td-crowding,1,9420.350808064477,-0.44435232683217213,29,52,55.769230769230774,23,79.3103448275862,0.5124061363681375
200,200.40.1,po2,3,td-crowding,2,9412.008775988941,-0.5325121441374201,42,51,82.35294117647058,16,38.095238095238095,0.49508129368724685
200,200.40.1,po2,3,td-crowding,3,9449.656741184495,-0.1346429315162009,16,51,31.372549019607842,12,75.0,0.5259421857937882
200,200.40.1,po2,3,td-crowding,4,9418.718085088696,-0.4616071824778415,24,44,54.54545454545454,19,79.16666666666666,0.5212879840740937
200,200.40.1,po2,3,td-crowding,5,9427.415575866242,-0.3696908255255391,19,47,40.42553191489361,14,73.68421052631578,0.5307243642629106
200,200.40.1,po2,3,td-crowding,6,9405.621963925834,-0.6000089098592526,35,47,74.46808510638297,20,57.14285714285714,0.4981226940365233
200,200.40.1,po2,3,td-crowding,7,9393.8795787343,-0.7241041571371126,32,43,74.4186046511628,13,40.625,0.4998183046435443
200,200.40.1,po2,3,td-crowding,8,9447.452262146417,-0.15794018900580184,23,46,50.0,12,52.17391304347826,0.5068855053250377
200,200.40.1,po2,3,td-crowding,9,9367.817944210048,-0.999527329516447,25,47,53.191489361702125,18,72.0,0.5455824969913903
200,200.40.1,po2,3,td-crowding,10,9445.407173217693,-0.17955298846482484,32,49,65.3061224489796,22,68.75,0.5110190852309587
200,200.40.1,po2,3,edge-crowding,1,9347.66645791594,-1.2124911894047012,33,51,64.70588235294117,24,72.72727272727273,0.5255290904601412
200,200.40.1,po2,3,edge-crowding,2,9385.762151889849,-0.8098903134495884,20,50,40.0,14,70.0,0.4535429403536193
200,200.40.1,po2,3,edge-crowding,3,9449.656741184495,-0.1346429315162009,16,51,31.372549019607842,12,75.0,0.5259421857937882
200,200.40.1,po2,3,edge-crowding,4,9458.027951498143,-0.04617475431519394,28,45,62.22222222222222,19,67.85714285714286,0.5117538508286336
200,200.40.1,po2,3,edge-crowding,5,9391.874546357743,-0.74529363308348,24,47,51.06382978723404,17,70.83333333333334,0.5449720420222334
200,200.40.1,po2,3,edge-crowding,6,9440.55442893538,-0.2308375010972304,35,46,76.08695652173914,21,60.0,0.5143233889999442
200,200.40.1,po2,3,edge-crowding,7,9397.430679156365,-0.6865756075454748,38,45,84.44444444444444,18,47.368421052631575,0.5196196542261288
200,200.40.1,po2,3,edge-crowding,8,9447.452262146417,-0.15794018900580184,23,46,50.0,12,52.17391304347826,0.521330002753696
200,200.40.1,po2,3,edge-crowding,9,9364.559810958803,-1.0339597591193386,23,46,50.0,17,73.91304347826086,0.5392007905170961
200,200.40.1,po2,3,edge-crowding,10,9412.637946062952,-0.5258629826050133,41,50,82.0,31,75.60975609756098,0.4448864837338586
200,200.40.1,po2,3,random-target,1,9422.192781530906,-0.42488608134053024,29,53,54.71698113207547,24,82.75862068965517,0.0
200,200.40.1,po2,3,random-target,2,9401.268252443604,-0.6460195707387268,23,51,45.09803921568628,21,91.30434782608695,0.0
200,200.40.1,po2,3,random-target,3,9414.457218295176,-0.5066366470827954,32,50,64.0,29,90.625,0.005022894064546085
200,200.40.1,po2,3,random-target,4,9415.994321841781,-0.49039231157546065,23,47,48.93617021276596,16,69.56521739130434,0.0
200,200.40.1,po2,3,random-target,5,9405.925739874365,-0.5967985611238745,20,47,42.5531914893617,19,95.0,0.0
200,200.40.1,po2,3,random-target,6,9447.34275839039,-0.15909744074471846,31,49,63.26530612244898,25,80.64516129032258,0.010165752604194746
200,200.40.1,po2,3,random-target,7,9406.211571880056,-0.5937778466056904,29,46,63.04347826086957,27,93.10344827586206,0.018941872322292937
200,200.40.1,po2,3,random-target,8,9447.452262146417,-0.15794018900580184,22,47,46.808510638297875,15,68.18181818181817,0.0
200,200.40.1,po2,3,random-target,9,9366.752997995904,-1.010781837150652,34,42,80.95238095238095,29,85.29411764705883,0.2170745883559392
200,200.40.1,po2,3,random-target,10,9430.062008083574,-0.3417229420796149,29,49,59.183673469387756,23,79.3103448275862,0.08944503320512188
200,200.40.1,po3,4,quality-only,1,9420.350808064477,-0.44435232683217213,28,53,52.83018867924528,15,53.57142857142857,0.11098394352364534
200,200.40.1,po3,4,quality-only,2,9435.1775497475,-0.28766114821147826,11,52,21.153846153846153,11,100.0,0.008366565016811335
200,200.40.1,po3,4,quality-only,3,9443.999462101787,-0.19442988580507561,34,50,68.0,15,44.11764705882353,0.06132707065758199
200,200.40.1,po3,4,quality-only,4,9403.381629636056,-0.6236850909025637,29,46,63.04347826086957,26,89.65517241379311,0.09234792142766697
200,200.40.1,po3,4,quality-only,5,9363.925576425594,-1.040662442598623,31,45,68.88888888888889,26,83.87096774193549,0.0
200,200.40.1,po3,4,quality-only,6,9424.441948943055,-0.4011165505657181,32,49,65.3061224489796,29,90.625,0.022141304497584145
200,200.40.1,po3,4,quality-only,7,9402.307292031772,-0.6350388481238592,28,40,70.0,26,92.85714285714286,0.23327610349406433
200,200.40.1,po3,4,quality-only,8,9447.452262146417,-0.15794018900580184,31,45,68.88888888888889,16,51.61290322580645,0.022985722830595263
200,200.40.1,po3,4,quality-only,9,9387.662842180405,-0.7898035399569834,28,50,56.00000000000001,14,50.0,0.17869727970926538
200,200.40.1,po3,4,quality-only,10,9448.644769325194,-0.14533759840626245,15,51,29.411764705882355,11,73.33333333333333,0.19659532580411854
200,200.40.1,po3,4,td-crowding,1,9431.353174834821,-0.32807770266194614,39,52,75.0,18,46.15384615384615,0.520866113942955
200,200.40.1,po3,4,td-crowding,2,9411.31750116563,-0.5398176377604426,24,51,47.05882352941176,16,66.66666666666666,0.5022117569483893
200,200.40.1,po3,4,td-crowding,3,9400.055005712784,-0.6588413399631547,32,47,68.08510638297872,20,62.5,0.5197899666886149
200,200.40.1,po3,4,td-crowding,4,9438.930699490164,-0.24799731179410528,23,44,52.27272727272727,19,82.6086956521739,0.5449285236773646
200,200.40.1,po3,4,td-crowding,5,9445.216713625072,-0.1815657933470692,25,47,53.191489361702125,14,56.00000000000001,0.5292370710021507
200,200.40.1,po3,4,td-crowding,6,9441.62785245507,-0.21949340405586332,29,48,60.416666666666664,16,55.172413793103445,0.5220359975347254
200,200.40.1,po3,4,td-crowding,7,9393.477104429214,-0.7283575645665284,27,42,64.28571428571429,16,59.25925925925925,0.5043364935251403
200,200.40.1,po3,4,td-crowding,8,9444.220744124392,-0.19209134496644664,26,45,57.77777777777777,13,50.0,0.5210994631144099
200,200.40.1,po3,4,td-crowding,9,9343.547767559769,-1.2560181125871068,23,48,47.91666666666667,22,95.65217391304348,0.5271174055291011
200,200.40.1,po3,4,td-crowding,10,9445.216713625074,-0.18156579334705,30,49,61.224489795918366,25,83.33333333333334,0.49414680649185216
200,200.40.1,po3,4,edge-crowding,1,9398.756272739334,-0.6725665403257138,30,51,58.82352941176471,21,70.0,0.4791673576672917
200,200.40.1,po3,4,edge-crowding,2,9411.31750116563,-0.5398176377604426,24,51,47.05882352941176,16,66.66666666666666,0.5022117569483893
200,200.40.1,po3,4,edge-crowding,3,9441.352617867387,-0.2224021235077353,35,50,70.0,21,60.0,0.5236083506641608
200,200.40.1,po3,4,edge-crowding,4,9433.294885369356,-0.30755742122041796,31,44,70.45454545454545,19,61.29032258064516,0.5021705939002935
200,200.40.1,po3,4,edge-crowding,5,9396.673659460108,-0.6945759026191666,27,47,57.446808510638306,15,55.55555555555556,0.5295785510262636
200,200.40.1,po3,4,edge-crowding,6,9429.579462496611,-0.3468225545484862,33,47,70.2127659574468,19,57.57575757575758,0.5267931064684167
200,200.40.1,po3,4,edge-crowding,7,9404.675297253618,-0.6100134219632424,26,44,59.09090909090909,16,61.53846153846154,0.4853008336353623
200,200.40.1,po3,4,edge-crowding,8,9444.220744124392,-0.19209134496644664,27,45,60.0,14,51.85185185185185,0.5210994631144099
200,200.40.1,po3,4,edge-crowding,9,9359.784305571891,-1.0844279997875805,28,48,58.333333333333336,20,71.42857142857143,0.5064346318004457
200,200.40.1,po3,4,edge-crowding,10,9424.027417849495,-0.4054973759023616,40,46,86.95652173913044,26,65.0,0.4854532235077151
200,200.40.1,po3,4,random-target,1,9417.220900687393,-0.4774296466084055,19,53,35.84905660377358,12,63.1578947368421,0.26864989660775335
200,200.40.1,po3,4,random-target,2,9405.993297150333,-0.5960846059324925,19,53,35.84905660377358,11,57.89473684210527,0.07077585307672167
200,200.40.1,po3,4,random-target,3,9422.440758973846,-0.42226541938821405,31,50,62.0,26,83.87096774193549,0.12040768193410399
200,200.40.1,po3,4,random-target,4,9435.637812391178,-0.2827970251522815,20,47,42.5531914893617,15,75.0,0.3377453629157485
200,200.40.1,po3,4,random-target,5,9364.574308509522,-1.0338065468790594,37,44,84.0909090909091,35,94.5945945945946,0.04754342621024368
200,200.40.1,po3,4,random-target,6,9449.90453129954,-0.13202424927252035,23,47,48.93617021276596,15,65.21739130434783,0.293003808957676
200,200.40.1,po3,4,random-target,7,9441.253111181515,-0.22345372474442626,23,44,52.27272727272727,19,82.6086956521739,0.13722047430710263
200,200.40.1,po3,4,random-target,8,9447.452262146417,-0.15794018900580184,25,45,55.55555555555556,22,88.0,0.026865564072528613
200,200.40.1,po3,4,random-target,9,9369.390800177489,-0.982905157187034,31,47,65.95744680851064,23,74.19354838709677,0.026422203009832283
200,200.40.1,po3,4,random-target,10,9444.215455357593,-0.19214723742892345,26,51,50.98039215686274,20,76.92307692307693,0.03620618197551961
500,500.10.2,po1,3,quality-only,1,1751.4854368268138,-0.8633468909983741,45,77,58.44155844155844,36,80.0,0.0014161737452956296
500,500.10.2,po1,3,quality-only,2,1741.8679420015471,-1.4077112506572549,46,81,56.79012345679012,41,89.13043478260869,0.01285640727955237
500,500.10.2,po1,3,quality-only,3,1753.2943865815669,-0.7609576729335841,58,86,67.44186046511628,47,81.03448275862068,0.02690608108254085
500,500.10.2,po1,3,quality-only,4,1746.7746967065702,-1.129981713856695,45,68,66.17647058823529,39,86.66666666666667,0.10713228856321934
500,500.10.2,po1,3,quality-only,5,1746.8308024131284,-1.1268060483035942,44,82,53.65853658536586,40,90.9090909090909,0.07128628289387658
500,500.10.2,po1,3,quality-only,6,1760.7592271344893,-0.3384367128108364,51,86,59.30232558139535,33,64.70588235294117,0.06014502058035163
500,500.10.2,po1,3,quality-only,7,1729.7196037764684,-2.0953250709881757,70,80,87.5,63,90.0,0.01766223856242245
500,500.10.2,po1,3,quality-only,8,1742.3337280970702,-1.3813470722267875,58,84,69.04761904761905,39,67.24137931034483,0.03402036093112601
500,500.10.2,po1,3,quality-only,9,1754.2893508793995,-0.7046412295443767,53,86,61.627906976744185,38,71.69811320754717,0.0
500,500.10.2,po1,3,quality-only,10,1762.9482580931415,-0.21453433929984975,55,82,67.07317073170732,34,61.81818181818181,0.002500038479630219
500,500.10.2,po1,3,td-crowding,1,1759.5790927092687,-0.4052340578958415,34,77,44.15584415584416,32,94.11764705882352,0.5312541123022513
500,500.10.2,po1,3,td-crowding,2,1751.0076421556346,-0.8903907724821063,61,82,74.39024390243902,43,70.49180327868852,0.5091396179679334
500,500.10.2,po1,3,td-crowding,3,1741.8242636555856,-1.4101835093132047,28,76,36.84210526315789,27,96.42857142857143,0.5826192409191386
500,500.10.2,po1,3,td-crowding,4,1750.374896808902,-0.9262050902186095,37,76,48.68421052631579,34,91.8918918918919,0.5830426551402408
500,500.10.2,po1,3,td-crowding,5,1738.0513487993512,-1.6237360421792197,27,77,35.064935064935064,20,74.07407407407408,0.5239288859349575
500,500.10.2,po1,3,td-crowding,6,1744.928858869027,-1.2344588516897812,48,76,63.1578947368421,33,68.75,0.5143931273578607
500,500.10.2,po1,3,td-crowding,7,1739.9159069324496,-1.5181993080700107,34,75,45.33333333333333,25,73.52941176470588,0.598348009157978
500,500.10.2,po1,3,td-crowding,8,1747.6742128574067,-1.079067776043442,31,87,35.63218390804598,31,100.0,0.5566380770781124
500,500.10.2,po1,3,td-crowding,9,1763.1762789202141,-0.201628024945284,44,88,50.0,37,84.0909090909091,0.5394601168223095
500,500.10.2,po1,3,td-crowding,10,1763.5273762633167,-0.18175539867114954,43,80,53.75,33,76.74418604651163,0.5613790581181035
500,500.10.2,po1,3,edge-crowding,1,1756.7485483841858,-0.5654470319607475,51,79,64.55696202531645,42,82.35294117647058,0.5215196027696664
500,500.10.2,po1,3,edge-crowding,2,1745.202842754314,-1.2189509606037108,42,87,48.275862068965516,33,78.57142857142857,0.5723512086559398
500,500.10.2,po1,3,edge-crowding,3,1743.7811774385875,-1.299419309514226,30,76,39.473684210526315,25,83.33333333333334,0.5756381925378752
500,500.10.2,po1,3,edge-crowding,4,1753.3021766342094,-0.7605167444906237,34,70,48.57142857142857,28,82.35294117647058,0.5822790399762273
500,500.10.2,po1,3,edge-crowding,5,1737.3914318672175,-1.6610883116335518,43,83,51.80722891566265,35,81.3953488372093,0.490527607201575
500,500.10.2,po1,3,edge-crowding,6,1747.0153693806806,-1.116359286342072,48,82,58.536585365853654,28,58.333333333333336,0.5287193793528341
500,500.10.2,po1,3,edge-crowding,7,1741.7944433411217,-1.4118713829937106,49,80,61.25000000000001,34,69.38775510204081,0.5767747219675007
500,500.10.2,po1,3,edge-crowding,8,1745.4471631216152,-1.205122068286746,32,85,37.64705882352941,31,96.875,0.5489410893944516
500,500.10.2,po1,3,edge-crowding,9,1754.8960829559985,-0.6702993011770647,44,88,50.0,38,86.36363636363636,0.5068003859273326
500,500.10.2,po1,3,edge-crowding,10,1762.5614718292716,-0.23642701100716773,53,83,63.85542168674698,36,67.9245283018868,0.5343988311793546
500,500.10.2,po1,3,random-target,1,1755.070797789818,-0.6604101844826425,45,76,59.210526315789465,38,84.44444444444444,0.2501889661358678
500,500.10.2,po1,3,random-target,2,1744.2934684728723,-1.27042288311587,63,84,75.0,54,85.71428571428571,0.10248867373806408
500,500.10.2,po1,3,random-target,3,1758.0245320325728,-0.4932244797983547,44,90,48.888888888888886,37,84.0909090909091,0.22929399020336372
500,500.10.2,po1,3,random-target,4,1740.9766283146282,-1.4581609169425036,50,74,67.56756756756756,38,76.0,0.003262529852305437
500,500.10.2,po1,3,random-target,5,1745.3965080530256,-1.2079892197099817,32,80,40.0,28,87.5,0.053045080430140085
500,500.10.2,po1,3,random-target,6,1758.653882981417,-0.4576022899773424,45,86,52.32558139534884,39,86.66666666666667,0.14973533456662716
500,500.10.2,po1,3,random-target,7,1749.0799993395283,-0.9994981924813313,49,76,64.47368421052632,38,77.55102040816327,0.27433219329634556
500,500.10.2,po1,3,random-target,8,1747.9779169609076,-1.0618776768719103,52,85,61.1764705882353,29,55.769230769230774,0.09480996318549585
500,500.10.2,po1,3,random-target,9,1750.264871863806,-0.9324326640173736,46,79,58.22784810126582,39,84.78260869565217,0.16674154333170924
500,500.10.2,po1,3,random-target,10,1761.2856206012211,-0.3086420679836518,52,80,65.0,40,76.92307692307693,0.060779246475046206
500,500.10.2,po2,4,quality-only,1,1765.7152480015118,-0.05791863874387713,42,74,56.75675675675676,33,78.57142857142857,0.11190336003442684
500,500.10.2,po2,4,quality-only,2,1762.9174140783334,-0.21628015592625272,52,91,57.14285714285714,39,75.0,0.16865250266068174
500,500.10.2,po2,4,quality-only,3,1760.9152504332358,-0.32960556450692746,55,85,64.70588235294117,33,60.0,0.0
500,500.10.2,po2,4,quality-only,4,1759.9214287576951,-0.38585733379298875,36,76,47.368421052631575,26,72.22222222222221,0.03792431954953379
500,500.10.2,po2,4,quality-only,5,1763.4809241119397,-0.18438465879538676,49,85,57.647058823529406,36,73.46938775510205,0.17253830407131684
500,500.10.2,po2,4,quality-only,6,1755.0968928509544,-0.6589331656223404,57,84,67.85714285714286,45,78.94736842105263,0.0
500,500.10.2,po2,4,quality-only,7,1745.3485910213974,-1.2107013942120703,56,78,71.7948717948718,51,91.07142857142857,0.14707805888606565
500,500.10.2,po2,4,quality-only,8,1745.9557599555146,-1.176334739066371,53,87,60.91954022988506,35,66.0377358490566,0.12322798132408623
500,500.10.2,po2,4,quality-only,9,1755.2870961536685,-0.6481673787965525,58,85,68.23529411764706,45,77.58620689655173,0.004514672686230255
500,500.10.2,po2,4,quality-only,10,1754.2172590266978,-0.7087217344934946,37,78,47.43589743589743,32,86.48648648648648,0.17619501293458426
500,500.10.2,po2,4,td-crowding,1,1755.7142756024791,-0.6239883933813153,40,71,56.33802816901409,30,75.0,0.5051230974331423
500,500.10.2,po2,4,td-crowding,2,1744.1781022623754,-1.2769527803962308,35,81,43.20987654320987,31,88.57142857142857,0.5305525423923432
500,500.10.2,po2,4,td-crowding,3,1753.790361605326,-0.7328847567406707,49,84,58.333333333333336,37,75.51020408163265,0.5766370034544349
500,500.10.2,po2,4,td-crowding,4,1739.9246454604697,-1.5177046945249608,32,69,46.3768115942029,30,93.75,0.5975488776574638
500,500.10.2,po2,4,td-crowding,5,1745.053956661514,-1.227378132548349,41,79,51.89873417721519,35,85.36585365853658,0.5340001383420997
500,500.10.2,po2,4,td-crowding,6,1746.5507496518942,-1.1426574466988844,48,76,63.1578947368421,40,83.33333333333334,0.5056837002262312
500,500.10.2,po2,4,td-crowding,7,1738.9216830019354,-1.57447384557951,40,78,51.28205128205128,39,97.5,0.6133179768548216
500,500.10.2,po2,4,td-crowding,8,1750.664038796754,-0.90983922822156,29,84,34.523809523809526,29,100.0,0.5630431328933132
500,500.10.2,po2,4,td-crowding,9,1756.1015569344834,-0.60206770008908,35,80,43.75,30,85.71428571428571,0.5277484733404426
500,500.10.2,po2,4,td-crowding,10,1762.1963294938441,-0.2570946045146893,34,81,41.9753086419753,23,67.64705882352942,0.5619672654980068
500,500.10.2,po2,4,edge-crowding,1,1754.1258016488696,-0.7138983566619544,47,72,65.27777777777779,32,68.08510638297872,0.5588448114541674
500,500.10.2,po2,4,edge-crowding,2,1737.0782974734263,-1.678812179112585,33,82,40.243902439024396,32,96.96969696969697,0.5464263386764486
500,500.10.2,po2,4,edge-crowding,3,1764.7268748859037,-0.11386201151996923,14,87,16.091954022988507,12,85.71428571428571,0.5772545593469665
500,500.10.2,po2,4,edge-crowding,4,1739.146825802127,-1.5617304317815488,37,76,48.68421052631579,33,89.1891891891892,0.5787756722426575
500,500.10.2,po2,4,edge-crowding,5,1745.809809497787,-1.1845957497460013,46,75,61.33333333333333,31,67.3913043478261,0.5033669545411895
500,500.10.2,po2,4,edge-crowding,6,1752.0341605383112,-0.8322883214575664,43,79,54.43037974683544,27,62.7906976744186,0.5016568803060175
500,500.10.2,po2,4,edge-crowding,7,1755.6360269612221,-0.6284173816226338,60,84,71.42857142857143,33,55.00000000000001,0.5846703479852358
500,500.10.2,po2,4,edge-crowding,8,1749.6946250329609,-0.9647094737854479,31,84,36.904761904761905,31,100.0,0.5630543448644355
500,500.10.2,po2,4,edge-crowding,9,1754.0965981060363,-0.7155513201605644,51,83,61.44578313253012,35,68.62745098039215,0.5302476095508829
500,500.10.2,po2,4,edge-crowding,10,1760.9852393030533,-0.3256440914836863,31,81,38.2716049382716,23,74.19354838709677,0.5801287368939337
500,500.10.2,po2,4,random-target,1,1751.1027765847036,-0.8850060238024781,58,72,80.55555555555556,49,84.48275862068965,0.13078534711053788
500,500.10.2,po2,4,random-target,2,1738.4224474055618,-1.6027313149804692,53,78,67.94871794871796,45,84.90566037735849,0.09351581115663747
500,500.10.2,po2,4,random-target,3,1767.4219314533725,0.03868215608803574,44,90,48.888888888888886,37,84.0909090909091,0.0815206476047904
500,500.10.2,po2,4,random-target,4,1746.918069775533,-1.1218665871738913,48,77,62.33766233766234,35,72.91666666666666,0.2805640734576673
500,500.10.2,po2,4,random-target,5,1739.2507635210325,-1.5558474039427712,57,74,77.02702702702703,48,84.21052631578947,0.06367659026772718
500,500.10.2,po2,4,random-target,6,1751.442022447997,-0.8658042087254927,49,86,56.97674418604651,42,85.71428571428571,0.020323659447699188
500,500.10.2,po2,4,random-target,7,1746.400720931359,-1.151149293054756,55,80,68.75,46,83.63636363636363,0.03230098236615959
500,500.10.2,po2,4,random-target,8,1743.2526049170438,-1.3293372920503352,44,83,53.01204819277109,36,81.81818181818183,0.039707381735244546
500,500.10.2,po2,4,random-target,9,1752.0266772830516,-0.8327118847171827,40,81,49.382716049382715,31,77.5,0.15532173521542456
500,500.10.2,po2,4,random-target,10,1760.579744811201,-0.34859567642475453,48,81,59.25925925925925,38,79.16666666666666,0.08253347794960002
500,500.10.2,po3,5,quality-only,1,1755.9294644934216,-0.6118083854944517,49,73,67.12328767123287,42,85.71428571428571,0.12982906449333917
500,500.10.2,po3,5,quality-only,2,1759.2049693103138,-0.4264099928150312,55,89,61.79775280898876,26,47.27272727272727,0.049545273430601534
500,500.10.2,po3,5,quality-only,3,1755.9110203586386,-0.6128523506644946,52,85,61.1764705882353,40,76.92307692307693,0.08202635320208485
500,500.10.2,po3,5,quality-only,4,1749.692730619346,-0.964816700383753,44,74,59.45945945945946,34,77.27272727272727,0.0068695864596887745
500,500.10.2,po3,5,quality-only,5,1745.3640920333173,-1.2098240141270107,47,80,58.75,30,63.829787234042556,0.015250644913052442
500,500.10.2,po3,5,quality-only,6,1752.6298257571623,-0.7985727935241325,55,86,63.95348837209303,44,80.0,0.0340280894851864
500,500.10.2,po3,5,quality-only,7,1749.850419369372,-0.9558912850866454,47,83,56.62650602409639,33,70.2127659574468,0.05267965302681843
500,500.10.2,po3,5,quality-only,8,1747.1252391011965,-1.1101404984829488,45,85,52.94117647058824,37,82.22222222222221,0.06221621951263743
500,500.10.2,po3,5,quality-only,9,1757.1917236850254,-0.5403626577821025,66,84,78.57142857142857,52,78.78787878787878,0.00413610783787327
500,500.10.2,po3,5,quality-only,10,1749.0666988264425,-1.0002510210942541,46,78,58.97435897435898,46,100.0,0.021915542445490262
500,500.10.2,po3,5,td-crowding,1,1764.7507991413145,-0.11250786345817124,26,74,35.13513513513514,13,50.0,0.5519929277250448
500,500.10.2,po3,5,td-crowding,2,1734.8966967096617,-1.8022939926590913,30,82,36.58536585365854,25,83.33333333333334,0.5644988332057915
500,500.10.2,po3,5,td-crowding,3,1744.2465511722412,-1.2730784713723742,49,83,59.036144578313255,35,71.42857142857143,0.5681777881501763
500,500.10.2,po3,5,td-crowding,4,1742.7277142348091,-1.3590468770635658,24,77,31.16883116883117,21,87.5,0.5909152522678159
500,500.10.2,po3,5,td-crowding,5,1743.889301007202,-1.2932993564222606,42,76,55.26315789473685,29,69.04761904761905,0.5149556589049118
500,500.10.2,po3,5,td-crowding,6,1745.7323730542598,-1.1889787664006284,30,77,38.961038961038966,25,83.33333333333334,0.5276932724871098
500,500.10.2,po3,5,td-crowding,7,1746.0835164674893,-1.1691035324895154,33,80,41.25,25,75.75757575757575,0.5844933222050572
500,500.10.2,po3,5,td-crowding,8,1751.4854368268145,-0.8633468909983356,26,80,32.5,26,100.0,0.5858913007459662
500,500.10.2,po3,5,td-crowding,9,1749.0864184788352,-0.9991348597505268,50,78,64.1025641025641,36,72.0,0.560150036491959
500,500.10.2,po3,5,td-crowding,10,1764.19689192466,-0.14385982701862382,41,80,51.24999999999999,35,85.36585365853658,0.5738231298836307
500,500.10.2,po3,5,edge-crowding,1,1754.2369836452099,-0.7076052920601026,37,72,51.388888888888886,23,62.16216216216216,0.5023957311508922
500,500.10.2,po3,5,edge-crowding,2,1731.69100503224,-1.9837408589115118,33,80,41.25,29,87.87878787878788,0.5567464313629518
500,500.10.2,po3,5,edge-crowding,3,1745.1493372626353,-1.2219794501683048,50,79,63.29113924050633,35,70.0,0.5689403009644128
500,500.10.2,po3,5,edge-crowding,4,1743.5443489134893,-1.3128241525379347,26,76,34.21052631578947,22,84.61538461538461,0.5844853186019222
500,500.10.2,po3,5,edge-crowding,5,1741.8242636555856,-1.4101835093132047,39,74,52.702702702702695,35,89.74358974358975,0.5199092519200417
500,500.10.2,po3,5,edge-crowding,6,1753.892782167468,-0.7270876022072609,33,79,41.77215189873418,25,75.75757575757575,0.5258828474346112
500,500.10.2,po3,5,edge-crowding,7,1751.0034843571088,-0.8906261099970388,26,81,32.098765432098766,18,69.23076923076923,0.5935714403955726
500,500.10.2,po3,5,edge-crowding,8,1750.0434580625729,-0.9449650109869092,26,81,32.098765432098766,26,100.0,0.5652872733920233
500,500.10.2,po3,5,edge-crowding,9,1751.1604608608868,-0.8817410088856676,52,83,62.65060240963856,35,67.3076923076923,0.546621800228184
500,500.10.2,po3,5,edge-crowding,10,1757.8496939624622,-0.503120571848199,41,75,54.666666666666664,31,75.60975609756098,0.5731517534240965
500,500.10.2,po3,5,random-target,1,1748.3082205738772,-1.0431820063221497,49,76,64.47368421052632,43,87.75510204081633,0.019361627895677868
500,500.10.2,po3,5,random-target,2,1740.8294886474368,-1.466489238627754,49,77,63.63636363636363,39,79.59183673469387,0.30916630506553794
500,500.10.2,po3,5,random-target,3,1758.6211457758934,-0.45945526398415054,58,86,67.44186046511628,35,60.3448275862069,0.1647860021180242
500,500.10.2,po3,5,random-target,4,1755.9364684577013,-0.6114119508095952,38,70,54.285714285714285,31,81.57894736842105,0.104780183121302
500,500.10.2,po3,5,random-target,5,1740.0846982512553,-1.5086454710420725,46,77,59.74025974025974,40,86.95652173913044,0.0
500,500.10.2,po3,5,random-target,6,1759.3892743662987,-0.4159780554336347,49,85,57.647058823529406,38,77.55102040816327,0.0020742131803279658
500,500.10.2,po3,5,random-target,7,1751.2089357984448,-0.8789972560869713,56,82,68.29268292682927,45,80.35714285714286,0.03921998952588155
500,500.10.2,po3,5,random-target,8,1743.3858387066755,-1.321796063498045,44,83,53.01204819277109,34,77.27272727272727,0.10619535908351141
500,500.10.2,po3,5,random-target,9,1761.7579558464122,-0.28190719804462666,58,84,69.04761904761905,41,70.6896551724138,0.2268501614390667
500,500.10.2,po3,5,random-target,10,1764.732531250848,-0.1135418529405401,51,82,62.19512195121951,37,72.54901960784314,0.033669476872378194
500,500.40.1,po1,3,quality-only,1,14023.972889593006,-0.8351544138364957,31,52,59.61538461538461,29,93.54838709677419,0.013256236194344559
500,500.40.1,po1,3,quality-only,2,14101.76744308243,-0.28506173004728874,33,53,62.264150943396224,29,87.87878787878788,0.13638507791276708
500,500.40.1,po1,3,quality-only,3,14083.849467747223,-0.4117614371360753,35,45,77.77777777777779,26,74.28571428571429,0.0
500,500.40.1,po1,3,quality-only,4,14042.657564453075,-0.7030333015159337,39,46,84.78260869565217,38,97.43589743589743,0.05505536993196628
500,500.40.1,po1,3,quality-only,5,14057.486457957493,-0.5981767857371167,28,44,63.63636363636363,25,89.28571428571429,0.0846939137974156
500,500.40.1,po1,3,quality-only,6,14065.874136002929,-0.5388667168464871,26,48,54.166666666666664,23,88.46153846153845,0.037687593364751866
500,500.40.1,po1,3,quality-only,7,14001.488206590577,-0.9941457450051636,34,47,72.3404255319149,32,94.11764705882352,0.011608778258133653
500,500.40.1,po1,3,quality-only,8,14097.07247397849,-0.31826030294025237,30,46,65.21739130434783,26,86.66666666666667,0.0472512028675991
500,500.40.1,po1,3,quality-only,9,14180.818584097837,0.273916403604134,36,49,73.46938775510205,25,69.44444444444444,0.04031722429525458
500,500.40.1,po1,3,quality-only,10,14110.052381634445,-0.22647814188226262,33,51,64.70588235294117,18,54.54545454545454,0.11666437188966687
500,500.40.1,po1,3,td-crowding,1,14078.836699093657,-0.44720720085819715,31,54,57.407407407407405,30,96.7741935483871,0.5390899235601897
500,500.40.1,po1,3,td-crowding,2,14071.608920789833,-0.49831550840217786,32,55,58.18181818181818,20,62.5,0.5265016830086068
500,500.40.1,po1,3,td-crowding,3,14100.12763511648,-0.29665696807396,27,46,58.69565217391305,22,81.48148148148148,0.5067146788038602
500,500.40.1,po1,3,td-crowding,4,14105.477105916994,-0.25883035145989175,30,47,63.829787234042556,25,83.33333333333334,0.4794698006220366
500,500.40.1,po1,3,td-crowding,5,14156.23354490268,0.10007325411211512,26,36,72.22222222222221,23,88.46153846153845,0.4973579024826502
500,500.40.1,po1,3,td-crowding,6,14069.619569338984,-0.5123824016422872,34,46,73.91304347826086,27,79.41176470588235,0.519776062329017
500,500.40.1,po1,3,td-crowding,7,14051.546722974761,-0.6401772165011035,40,49,81.63265306122449,28,70.0,0.48530609444456535
500,500.40.1,po1,3,td-crowding,8,14125.962564313246,-0.11397572755131613,26,44,59.09090909090909,18,69.23076923076923,0.5035999076633058
500,500.40.1,po1,3,td-crowding,9,14178.330913902253,0.2563258511439665,24,50,48.0,17,70.83333333333334,0.49194873274103196
500,500.40.1,po1,3,td-crowding,10,14056.57752207763,-0.604603957757765,23,43,53.48837209302325,20,86.95652173913044,0.4956063118969966
500,500.40.1,po1,3,edge-crowding,1,14066.532397518029,-0.5342120870911304,36,55,65.45454545454545,26,72.22222222222221,0.5072833024508261
500,500.40.1,po1,3,edge-crowding,2,14189.847949383155,0.3377639039743091,47,54,87.03703703703704,24,51.06382978723404,0.5092508409051859
500,500.40.1,po1,3,edge-crowding,3,14010.749420405293,-0.9286588216413655,28,41,68.29268292682927,24,85.71428571428571,0.5161041105084067
500,500.40.1,po1,3,edge-crowding,4,14086.111692111022,-0.3957650335859847,30,47,63.829787234042556,25,83.33333333333334,0.5105930451223457
500,500.40.1,po1,3,edge-crowding,5,14164.471095362693,0.15832175657332756,26,39,66.66666666666666,20,76.92307692307693,0.48604481852341913
500,500.40.1,po1,3,edge-crowding,6,14074.490008272476,-0.477943064902337,29,46,63.04347826086957,24,82.75862068965517,0.5155517016571947
500,500.40.1,po1,3,edge-crowding,7,14051.546722974761,-0.6401772165011035,40,49,81.63265306122449,28,70.0,0.48530609444456535
500,500.40.1,po1,3,edge-crowding,8,14096.596856264423,-0.32162344101422974,22,45,48.888888888888886,14,63.63636363636363,0.52418389439163
500,500.40.1,po1,3,edge-crowding,9,14157.148276667196,0.10654140938417475,32,49,65.3061224489796,26,81.25,0.48788651809880196
500,500.40.1,po1,3,edge-crowding,10,14085.513894068572,-0.3999921203778667,17,44,38.63636363636363,17,100.0,0.5179363001323899
500,500.40.1,po1,3,random-target,1,14128.109131926329,-0.09879714388123595,37,51,72.54901960784314,30,81.08108108108108,0.13794687773607292
500,500.40.1,po1,3,random-target,2,14027.733417485913,-0.8085633635857221,42,51,82.35294117647058,41,97.61904761904762,0.0
500,500.40.1,po1,3,random-target,3,14041.290782914548,-0.712697943717191,39,43,90.69767441860465,29,74.35897435897436,0.07676570151191832
500,500.40.1,po1,3,random-target,4,14096.711105397015,-0.3208155745358065,35,49,71.42857142857143,21,60.0,0.06199088770900093
500,500.40.1,po1,3,random-target,5,14073.205415622575,-0.48702654165827886,32,39,82.05128205128204,28,87.5,0.010252716694522546
500,500.40.1,po1,3,random-target,6,14061.36203701473,-0.5707721977652613,36,46,78.26086956521739,26,72.22222222222221,0.017185413399927567
500,500.40.1,po1,3,random-target,7,14044.803374869112,-0.68786007205815,26,47,55.319148936170215,20,76.92307692307693,0.17843747279142044
500,500.40.1,po1,3,random-target,8,14105.435658902417,-0.25912342724040643,25,45,55.55555555555556,20,80.0,0.0014019131056999129
500,500.40.1,po1,3,random-target,9,14185.029126703339,0.30368955067135656,26,50,52.0,17,65.38461538461539,0.056440160726079956
500,500.40.1,po1,3,random-target,10,14083.226259727657,-0.4161682002919123,27,48,56.25,21,77.77777777777779,0.09210662669846714
500,500.40.1,po2,4,quality-only,1,14024.188016252294,-0.8336332327761976,38,48,79.16666666666666,35,92.10526315789474,0.0
500,500.40.1,po2,4,quality-only,2,14008.494485909327,-0.9446036778429441,42,53,79.24528301886792,34,80.95238095238095,0.0936324961663985
500,500.40.1,po2,4,quality-only,3,14045.382770437798,-0.683763110907813,36,46,78.26086956521739,31,86.11111111111111,0.0700029596688808
500,500.40.1,po2,4,quality-only,4,14108.24735610405,-0.23924164901464928,35,48,72.91666666666666,31,88.57142857142857,0.09942992117295209
500,500.40.1,po2,4,quality-only,5,14055.912371880804,-0.6093072980365267,27,43,62.7906976744186,20,74.07407407407408,0.06868864598881762
500,500.40.1,po2,4,quality-only,6,14095.462918393372,-0.329641623505905,30,47,63.829787234042556,23,76.66666666666667,0.06368660815338602
500,500.40.1,po2,4,quality-only,7,14029.035190102357,-0.7993584056530303,30,47,63.829787234042556,21,70.0,0.2022880313126445
500,500.40.1,po2,4,quality-only,8,14051.943589458622,-0.6373709358629237,26,44,59.09090909090909,21,80.76923076923077,0.1218982136666976
500,500.40.1,po2,4,quality-only,9,14182.870325601853,0.28842446284171536,39,47,82.97872340425532,26,66.66666666666666,0.05840694492174464
500,500.40.1,po2,4,quality-only,10,13982.34199084268,-1.129530456823058,33,46,71.73913043478261,31,93.93939393939394,0.0021362235342484467
500,500.40.1,po2,4,td-crowding,1,14071.856605477798,-0.4965641064257543,36,55,65.45454545454545,25,69.44444444444444,0.5268884101039034
500,500.40.1,po2,4,td-crowding,2,13981.184678391106,-1.1377139231958777,25,44,56.81818181818182,20,80.0,0.5262519556272374
500,500.40.1,po2,4,td-crowding,3,14012.393175290541,-0.9170356745730976,23,41,56.09756097560976,18,78.26086956521739,0.5052986479720265
500,500.40.1,po2,4,td-crowding,4,14115.210039923168,-0.19000784977502816,26,46,56.52173913043478,23,88.46153846153845,0.5165007811592696
500,500.40.1,po2,4,td-crowding,5,14126.98199104037,-0.10676726424512736,32,43,74.4186046511628,24,75.0,0.4918113808419304
500,500.40.1,po2,4,td-crowding,6,14086.384582880592,-0.39383539701015435,29,48,60.416666666666664,20,68.96551724137932,0.5312317422664247
500,500.40.1,po2,4,td-crowding,7,14063.963880329542,-0.552374316324384,19,46,41.30434782608695,15,78.94736842105263,0.513402870531192
500,500.40.1,po2,4,td-crowding,8,14104.814756930406,-0.26351388411474796,29,45,64.44444444444444,11,37.93103448275862,0.5098544523378411
500,500.40.1,po2,4,td-crowding,9,14170.51434169125,0.2010541259046535,29,50,57.99999999999999,20,68.96551724137932,0.5212982527809531
500,500.40.1,po2,4,td-crowding,10,14089.837193300797,-0.36942166048311903,19,47,40.42553191489361,18,94.73684210526315,0.508693926294648
500,500.40.1,po2,4,edge-crowding,1,14071.856605477798,-0.4965641064257543,36,55,65.45454545454545,25,69.44444444444444,0.5268884101039034
500,500.40.1,po2,4,edge-crowding,2,14047.149515805344,-0.6712702864462966,33,50,66.0,23,69.6969696969697,0.535138177810539
500,500.40.1,po2,4,edge-crowding,3,14146.934694609687,0.0343201996322546,22,48,45.83333333333333,8,36.36363636363637,0.5099393999683495
500,500.40.1,po2,4,edge-crowding,4,14138.896650478,-0.02251757461394168,24,47,51.06382978723404,21,87.5,0.5175926965959138
500,500.40.1,po2,4,edge-crowding,5,14084.912611693671,-0.4042438452157655,27,42,64.28571428571429,21,77.77777777777779,0.50359101720539
500,500.40.1,po2,4,edge-crowding,6,14143.076005237552,0.007035040229480477,28,46,60.86956521739131,20,71.42857142857143,0.5287008902617243
500,500.40.1,po2,4,edge-crowding,7,14062.324406471362,-0.5639671918432497,34,50,68.0,21,61.76470588235294,0.4649559733156905
500,500.40.1,po2,4,edge-crowding,8,14088.142149651154,-0.38140747528053354,26,43,60.46511627906976,17,65.38461538461539,0.5089050737075019
500,500.40.1,po2,4,edge-crowding,9,14183.051047357585,0.28970236355803625,31,50,62.0,20,64.51612903225806,0.5061112382747949
500,500.40.1,po2,4,edge-crowding,10,14090.261093017372,-0.3664242252863177,18,44,40.909090909090914,15,83.33333333333334,0.5145567121786291
500,500.40.1,po2,4,random-target,1,14031.364905410877,-0.7828847672163365,31,45,68.88888888888889,26,83.87096774193549,0.12649114154696103
500,500.40.1,po2,4,random-target,2,14086.62222328323,-0.3921550191302076,40,56,71.42857142857143,31,77.5,0.06895254136903474
500,500.40.1,po2,4,random-target,3,14063.247139045026,-0.5574424620890526,26,43,60.46511627906976,21,80.76923076923077,0.22748296503099005
500,500.40.1,po2,4,random-target,4,14032.704483545653,-0.7734124828692825,39,46,84.78260869565217,35,89.74358974358975,0.06103617627022113
500,500.40.1,po2,4,random-target,5,14104.039356118788,-0.26899681697241634,27,40,67.5,27,100.0,0.06733795071228847
500,500.40.1,po2,4,random-target,6,14109.060137069999,-0.23349439753190268,29,45,64.44444444444444,21,72.41379310344827,0.18875829027250865
500,500.40.1,po2,4,random-target,7,14087.3007200868,-0.3873573037262761,29,48,60.416666666666664,20,68.96551724137932,0.27431139908213126
500,500.40.1,po2,4,random-target,8,14103.601572431835,-0.2720924270437321,29,46,63.04347826086957,24,82.75862068965517,0.06412220073460866
500,500.40.1,po2,4,random-target,9,14115.12823124954,-0.19058632668394082,29,48,60.416666666666664,23,79.3103448275862,0.05514916784923809
500,500.40.1,po2,4,random-target,10,14048.52527955482,-0.6615421301774616,32,44,72.72727272727273,26,81.25,0.1599531491569259
500,500.40.1,po3,5,quality-only,1,14040.212947222411,-0.720319422368029,33,48,68.75,26,78.78787878787878,0.08713358503278476
500,500.40.1,po3,5,quality-only,2,14096.64908691085,-0.3212541131476895,39,51,76.47058823529412,35,89.74358974358975,0.007650996309952761
500,500.40.1,po3,5,quality-only,3,14018.335822096979,-0.8750146540268585,33,42,78.57142857142857,33,100.0,0.012049844344125617
500,500.40.1,po3,5,quality-only,4,14058.38722246106,-0.5918073942951221,31,46,67.3913043478261,29,93.54838709677419,0.19334932933893337
500,500.40.1,po3,5,quality-only,5,14128.232320109326,-0.09792606852754493,34,44,77.27272727272727,26,76.47058823529412,0.012357096670698633
500,500.40.1,po3,5,quality-only,6,14098.845535579654,-0.30572281579031957,33,47,70.2127659574468,22,66.66666666666666,0.15855147024090815
500,500.40.1,po3,5,quality-only,7,14039.684058405936,-0.7240592454717236,36,49,73.46938775510205,28,77.77777777777779,0.06101454656971002
500,500.40.1,po3,5,quality-only,8,14060.670399778744,-0.5756628304160816,32,39,82.05128205128204,25,78.125,0.02933606594671368
500,500.40.1,po3,5,quality-only,9,14191.531032617855,0.3496651455405694,30,47,63.829787234042556,27,90.0,0.23141714974928457
500,500.40.1,po3,5,quality-only,10,14084.588363946574,-0.4065366318622982,27,45,60.0,24,88.88888888888889,0.017716859658645428
500,500.40.1,po3,5,td-crowding,1,14085.900314879516,-0.3972597020859704,37,55,67.27272727272727,22,59.45945945945946,0.5015759006805814
500,500.40.1,po3,5,td-crowding,2,14097.321688886646,-0.3164980806313715,32,56,57.14285714285714,24,75.0,0.5389155183962967
500,500.40.1,po3,5,td-crowding,3,14030.591315891972,-0.7883548922510364,22,46,47.82608695652174,14,63.63636363636363,0.5051328324909089
500,500.40.1,po3,5,td-crowding,4,14104.308886993516,-0.2670909385324392,27,49,55.10204081632652,20,74.07407407407408,0.5090041462350442
500,500.40.1,po3,5,td-crowding,5,14099.637488116385,-0.30012284411077217,26,40,65.0,20,76.92307692307693,0.5062949652195964
500,500.40.1,po3,5,td-crowding,6,14088.971335986282,-0.37554421987263653,16,50,32.0,12,75.0,0.529334552483334
500,500.40.1,po3,5,td-crowding,7,14030.031151354342,-0.7923158689524497,26,45,57.77777777777777,18,69.23076923076923,0.5189992851750677
500,500.40.1,po3,5,td-crowding,8,14096.187022533179,-0.3245214142914747,24,44,54.54545454545454,16,66.66666666666666,0.5082082253544385
500,500.40.1,po3,5,td-crowding,9,14172.457444495627,0.2147939905686117,22,50,44.0,17,77.27272727272727,0.5205467366566563
500,500.40.1,po3,5,td-crowding,10,14052.222838635,-0.6353963383880459,14,42,33.33333333333333,12,85.71428571428571,0.5093104096348636
500,500.40.1,po3,5,edge-crowding,1,14114.738753776288,-0.19334035892562035,43,54,79.62962962962963,31,72.09302325581395,0.5166530067567565
500,500.40.1,po3,5,edge-crowding,2,14090.158936239679,-0.36714658557361274,23,52,44.230769230769226,17,73.91304347826086,0.5191670705264336
500,500.40.1,po3,5,edge-crowding,3,14030.608441066921,-0.7882337985108522,21,44,47.72727272727273,13,61.904761904761905,0.5051256862971234
500,500.40.1,po3,5,edge-crowding,4,14096.951055191694,-0.31911886672518097,23,50,46.0,17,73.91304347826086,0.5196813093540719
500,500.40.1,po3,5,edge-crowding,5,14124.523919807432,-0.12414851962639539,28,39,71.7948717948718,21,75.0,0.5095461700048863
500,500.40.1,po3,5,edge-crowding,6,14123.241379588577,-0.1332174834472846,21,50,42.0,19,90.47619047619048,0.5157496404106061
500,500.40.1,po3,5,edge-crowding,7,14065.582945309034,-0.5409257539270337,29,46,63.04347826086957,17,58.620689655172406,0.4752300981944562
500,500.40.1,po3,5,edge-crowding,8,14089.785707489627,-0.3697857215487433,16,45,35.55555555555556,11,68.75,0.5095808397004016
500,500.40.1,po3,5,edge-crowding,9,14188.952952267846,0.3314352942830054,24,51,47.05882352941176,18,75.0,0.505394119764751
500,500.40.1,po3,5,edge-crowding,10,14051.293440731104,-0.6419681993259916,16,44,36.36363636363637,13,81.25,0.5084599147764554
500,500.40.1,po3,5,random-target,1,14050.039492672426,-0.6508349852639611,26,47,55.319148936170215,22,84.61538461538461,0.23571380943518694
500,500.40.1,po3,5,random-target,2,14160.993320259553,0.13373007818081015,31,58,53.44827586206896,25,80.64516129032258,0.05674238343012837
500,500.40.1,po3,5,random-target,3,13993.731347081253,-1.0489952360539123,31,40,77.5,27,87.09677419354838,0.10204303722790944
500,500.40.1,po3,5,random-target,4,13981.414003920216,-1.1360923405771601,34,42,80.95238095238095,33,97.05882352941177,0.18841066329014278
500,500.40.1,po3,5,random-target,5,14116.451053488268,-0.1812325248708512,26,39,66.66666666666666,23,88.46153846153845,0.20059804682521273
500,500.40.1,po3,5,random-target,6,14093.675151134636,-0.342283095758619,28,48,58.333333333333336,18,64.28571428571429,0.03172970346972561
500,500.40.1,po3,5,random-target,7,14028.08878468826,-0.8060505283125444,26,50,52.0,22,84.61538461538461,0.21237021063104305
500,500.40.1,po3,5,random-target,8,14055.506935214531,-0.612174179249323,30,46,65.21739130434783,27,90.0,0.04635469961536538
500,500.40.1,po3,5,random-target,9,14177.506915937156,0.25049928319382436,30,51,58.82352941176471,23,76.66666666666667,0.05198101134890102
500,500.40.1,po3,5,random-target,10,14047.53477700628,-0.6685460678670165,33,45,73.33333333333333,31,93.93939393939394,0.07597817280262018
